USE hermes_settle;

-- 用户与账户
INSERT INTO hwt_user (id, user_name, real_name, mobile) VALUES
(1, 'user001', '张三', '13800001001'),
(2, 'user002', '李四', '13800001002'),
(3, 'user003', '王五', '13800001003'),
(4, 'user004', '赵六', '13800001004'),
(5, 'user005', '钱七', '13800001005'),
(6, 'user006', '孙八', '13800001006'),
(7, 'user007', '周九', '13800001007'),
(8, 'user008', '吴十', '13800001008'),
(9, 'user009', '郑一', '13800001009'),
(10, 'user010', '冯二', '13800001010');

INSERT INTO hwt_account (id, user_id, account_code, account_type, finance_body_code, finance_body_name, enable_status) VALUES
(1, 1, 'ACC_DEPOT001', 'SUBJECT', 'FB001', '门店主体001', 1),
(2, 2, 'ACC_DEPOT002', 'SUBJECT', 'FB002', '门店主体002', 1),
(3, 3, 'ACC_DEPOT003', 'SUBJECT', 'FB003', '门店主体003', 1),
(4, 4, 'ACC_COURIER001', 'PERSONAL', 'FB004', '业务员主体001', 1),
(5, 5, 'ACC_COURIER002', 'PERSONAL', 'FB005', '业务员主体002', 1),
(6, 6, 'ACC_COURIER003', 'PERSONAL', 'FB006', '业务员主体003', 1),
(7, 7, 'ACC_BOSS001', 'SUBJECT', 'FB007', '经营老板主体', 1),
(8, 8, 'ACC_AGENT001', 'SUBJECT', 'FB008', '代理商主体', 1),
(9, 9, 'ACC_SITE001', 'SUBJECT', 'FB009', '网点主体', 1),
(10, 10, 'ACC_HQ001', 'SUBJECT', 'FB010', '总部主体', 1);

INSERT INTO hwt_sub_account (id, account_code, sub_account_code, sub_account_type, balance_type, balance, frozen_balance, biz_code) VALUES
(1, 'ACC_DEPOT001', 'SUB_DEPOT001', 'WALLET_ALIPAY', 'AVAILABLE', 5280.50, 200.00, 'DEPOT001'),
(2, 'ACC_DEPOT002', 'SUB_DEPOT002', 'WALLET_ALIPAY', 'AVAILABLE', 3150.00, 0.00, 'DEPOT002'),
(3, 'ACC_DEPOT003', 'SUB_DEPOT003', 'WALLET_ALIPAY', 'AVAILABLE', 890.25, 50.00, 'DEPOT003'),
(4, 'ACC_COURIER001', 'SUB_COURIER001', 'WALLET_ALIPAY', 'AVAILABLE', 1200.00, 0.00, 'CR001'),
(5, 'ACC_COURIER002', 'SUB_COURIER002', 'WALLET_ALIPAY', 'AVAILABLE', 680.00, 100.00, 'CR002'),
(6, 'ACC_COURIER003', 'SUB_COURIER003', 'WALLET_BANK', 'AVAILABLE', 450.00, 0.00, 'CR003'),
(7, 'ACC_BOSS001', 'SUB_BOSS001', 'WALLET_ALIPAY', 'AVAILABLE', 15000.00, 0.00, 'BOSS001'),
(8, 'ACC_AGENT001', 'SUB_AGENT001', 'WALLET_ALIPAY', 'AVAILABLE', 8200.00, 0.00, 'AGENT001'),
(9, 'ACC_SITE001', 'SUB_SITE001', 'WALLET_ALIPAY', 'AVAILABLE', 5600.00, 0.00, 'SITE001'),
(10, 'ACC_HQ001', 'SUB_HQ001', 'WALLET_ALIPAY', 'AVAILABLE', 99999.00, 0.00, 'HQ001');

INSERT INTO hwt_biz_user_relation (biz_type, biz_code, biz_name, user_id, account_code) VALUES
('STORE', 'DEPOT001', '示范门店001', 1, 'ACC_DEPOT001'),
('STORE', 'DEPOT002', '示范门店002', 2, 'ACC_DEPOT002'),
('STORE', 'DEPOT003', '示范门店003', 3, 'ACC_DEPOT003'),
('COURIER', 'CR001', '业务员001', 4, 'ACC_COURIER001'),
('COURIER', 'CR002', '业务员002', 5, 'ACC_COURIER002'),
('COURIER', 'CR003', '业务员003', 6, 'ACC_COURIER003'),
('BOSS', 'BOSS001', '经营老板001', 7, 'ACC_BOSS001'),
('AGENT', 'AGENT001', '区域代理001', 8, 'ACC_AGENT001'),
('SITE', 'SITE001', '网点001', 9, 'ACC_SITE001'),
('HQ', 'HQ001', '总部', 10, 'ACC_HQ001');

-- 业务员与门店资金
INSERT INTO nl_courier (staff_code, name, account, enable, depot_code) VALUES
('CR001', '业务员001', '13800002001', 1, 'DEPOT001'),
('CR002', '业务员002', '13800002002', 1, 'DEPOT001'),
('CR003', '业务员003', '13800002003', 1, 'DEPOT002'),
('CR004', '业务员004', '13800002004', 1, 'DEPOT002'),
('CR005', '业务员005', '13800002005', 1, 'DEPOT003'),
('CR006', '业务员006', '13800002006', 1, 'DEPOT003'),
('CR007', '业务员007', '13800002007', 1, 'DEPOT004'),
('CR008', '业务员008', '13800002008', 1, 'DEPOT005');

INSERT INTO nl_courier_wallet (staff_code, balance, frozen_balance) VALUES
('CR001', 1200.00, 0.00),
('CR002', 680.00, 100.00),
('CR003', 450.00, 0.00),
('CR004', 920.50, 0.00),
('CR005', 310.00, 0.00),
('CR006', 780.00, 50.00),
('CR007', 560.00, 0.00),
('CR008', 890.00, 0.00);

INSERT INTO nl_store_fund_account (depot_code, balance, frozen_balance) VALUES
('DEPOT001', 5280.50, 200.00),
('DEPOT002', 3150.00, 0.00),
('DEPOT003', 890.25, 50.00),
('DEPOT004', 2100.00, 0.00),
('DEPOT005', 1750.80, 100.00);

INSERT INTO nl_store_fund_account_log (depot_code, trade_code, change_amount, balance_after, trade_type) VALUES
('DEPOT001', 'TRD20250601001', -0.50, 5280.50, 'DEDUCT'),
('DEPOT001', 'TRD20250601002', -0.50, 5280.00, 'DEDUCT'),
('DEPOT002', 'TRD20250601003', -0.50, 3149.50, 'DEDUCT'),
('DEPOT003', 'TRD20250601004', 100.00, 990.25, 'RECHARGE'),
('DEPOT004', 'TRD20250601005', -1.00, 2099.00, 'DEDUCT');

-- 派费库存
INSERT INTO hst_stock_record (serial_number, depot_code, biz_code, courier_code, express_company_code, settlement_type, enter_source, settle_status, upload_date) VALUES
('SR20250601001', 'DEPOT001', 'BIZ001', 'CR001', 'EXP001', 'COOP', 1, 1, '2025-06-01 08:00:00'),
('SR20250601002', 'DEPOT001', 'BIZ002', 'CR001', 'EXP001', 'COOP', 1, 1, '2025-06-01 09:15:00'),
('SR20250601003', 'DEPOT001', 'BIZ003', 'CR002', 'EXP002', 'COOP', 1, 0, '2025-06-01 10:30:00'),
('SR20250601004', 'DEPOT002', 'BIZ004', 'CR003', 'EXP001', 'COOP', 1, 1, '2025-06-02 08:00:00'),
('SR20250601005', 'DEPOT002', 'BIZ005', 'CR004', 'EXP003', 'COOP', 1, 1, '2025-06-02 11:00:00'),
('SR20250601006', 'DEPOT003', 'BIZ006', 'CR005', 'EXP001', 'COOP', 1, 0, '2025-06-03 14:00:00'),
('SR20250601007', 'DEPOT003', 'BIZ007', 'CR006', 'EXP002', 'COOP', 1, 1, '2025-06-03 15:30:00'),
('SR20250601008', 'DEPOT004', 'BIZ008', 'CR007', 'EXP001', 'COOP', 1, 1, '2025-06-04 09:00:00'),
('SR20250601009', 'DEPOT005', 'BIZ009', 'CR008', 'EXP002', 'COOP', 1, 0, '2025-06-05 10:00:00'),
('SR20250601010', 'DEPOT001', 'BIZ010', 'CR001', 'EXP001', 'COOP', 1, 1, '2025-06-05 16:00:00');

-- 结算订单
INSERT INTO hst_order (order_code, order_type, object_code, biz_code, biz_type, biz_order_code, order_amount, actual_pay_amount, order_status, business_time) VALUES
('ORD20250601001', 'COURIER_DELIVERY_FEE', 'DEPOT001', 'CR001', 'COURIER', 'BIZORD001', 0.50, 0.50, 3, '2025-06-01 08:05:00'),
('ORD20250601002', 'COURIER_DELIVERY_FEE', 'DEPOT001', 'CR001', 'COURIER', 'BIZORD002', 0.50, 0.50, 3, '2025-06-01 09:20:00'),
('ORD20250601003', 'COURIER_DELIVERY_FEE', 'DEPOT001', 'CR002', 'COURIER', 'BIZORD003', 0.50, 0.50, 1, '2025-06-01 10:35:00'),
('ORD20250601004', 'LOCKER_USAGE_FEE', 'DEPOT002', 'DEPOT002', 'STORE', 'BIZORD004', 2.00, 2.00, 3, '2025-06-02 08:10:00'),
('ORD20250601005', 'CABINET_OVERTIME_FEE', 'DEPOT002', 'DEPOT002', 'STORE', 'BIZORD005', 5.00, 5.00, 3, '2025-06-02 11:05:00'),
('ORD20250601006', 'COURIER_DELIVERY_FEE', 'DEPOT003', 'CR005', 'COURIER', 'BIZORD006', 0.50, 0.50, 3, '2025-06-03 14:05:00'),
('ORD20250601007', 'SHOP_DELIVERY_FEE_SITE', 'DEPOT004', 'SITE001', 'SITE', 'BIZORD007', 1.00, 1.00, 3, '2025-06-04 09:10:00'),
('ORD20250601008', 'INSURANCE_FEE_PAYMENT', 'DEPOT005', 'DEPOT005', 'STORE', 'BIZORD008', 10.00, 10.00, 3, '2025-06-05 10:05:00');

INSERT INTO hst_pay_order (pay_code, order_code, object_code, pay_amount, pay_object_type, pay_object, rec_object_type, rec_object, pay_status, pay_type, trade_code) VALUES
('PAY20250601001', 'ORD20250601001', 'DEPOT001', 0.50, 'COURIER', 'CR001', 'STORE', 'DEPOT001', 'SUCCESS', 1, 'TRD20250601001'),
('PAY20250601002', 'ORD20250601002', 'DEPOT001', 0.50, 'COURIER', 'CR001', 'STORE', 'DEPOT001', 'SUCCESS', 1, 'TRD20250601002'),
('PAY20250601003', 'ORD20250601003', 'DEPOT001', 0.50, 'COURIER', 'CR002', 'STORE', 'DEPOT001', 'PAYING', 1, NULL),
('PAY20250601004', 'ORD20250601004', 'DEPOT002', 2.00, 'STORE', 'DEPOT002', 'BOSS', 'BOSS001', 'SUCCESS', 1, 'TRD20250601003'),
('PAY20250601005', 'ORD20250601005', 'DEPOT002', 5.00, 'STORE', 'DEPOT002', 'BOSS', 'BOSS001', 'SUCCESS', 1, 'TRD20250601004'),
('PAY20250601006', 'ORD20250601006', 'DEPOT003', 0.50, 'COURIER', 'CR005', 'STORE', 'DEPOT003', 'SUCCESS', 1, 'TRD20250601005'),
('PAY20250601007', 'ORD20250601007', 'DEPOT004', 1.00, 'SITE', 'SITE001', 'STORE', 'DEPOT004', 'SUCCESS', 1, 'TRD20250601006'),
('PAY20250601008', 'ORD20250601008', 'DEPOT005', 10.00, 'STORE', 'DEPOT005', 'HQ', 'HQ001', 'SUCCESS', 1, 'TRD20250601007');

-- 账单
INSERT INTO hst_bill (bill_no, month_bill_no, bill_type, actual_bill_amount, bill_status, pay_object_type, pay_object, rec_object_type, rec_object, business_begin_time, business_end_time) VALUES
('BILL202506001', 'MB202506001', '601', 15.50, 13, 'COURIER', 'CR001', 'STORE', 'DEPOT001', '2025-06-01 00:00:00', '2025-06-30 23:59:59'),
('BILL202506002', 'MB202506001', '603', 7.00, 10, 'STORE', 'DEPOT002', 'BOSS', 'BOSS001', '2025-06-01 00:00:00', '2025-06-30 23:59:59'),
('BILL202506003', 'MB202506002', '601', 3.50, 3, 'COURIER', 'CR005', 'STORE', 'DEPOT003', '2025-06-01 00:00:00', '2025-06-30 23:59:59'),
('BILL202506004', 'MB202506002', '601', 2.00, 0, 'COURIER', 'CR003', 'STORE', 'DEPOT002', '2025-06-01 00:00:00', '2025-06-30 23:59:59'),
('BILL202506005', 'MB202506003', '605', 10.00, 13, 'STORE', 'DEPOT005', 'HQ', 'HQ001', '2025-06-01 00:00:00', '2025-06-30 23:59:59'),
('BILL202506006', 'MB202506003', '601', 5.00, 7, 'COURIER', 'CR007', 'STORE', 'DEPOT004', '2025-06-01 00:00:00', '2025-06-30 23:59:59'),
('BILL202506007', 'MB202506004', '603', 12.00, 1, 'STORE', 'DEPOT001', 'AGENT', 'AGENT001', '2025-06-01 00:00:00', '2025-06-30 23:59:59'),
('BILL202506008', 'MB202506004', '601', 8.00, -1, 'COURIER', 'CR008', 'STORE', 'DEPOT005', '2025-06-01 00:00:00', '2025-06-30 23:59:59');

-- 账单明细
INSERT INTO hst_bill_item (bill_no, biz_type, trade_biz_type, biz_code, amount, pay_object, rec_object, trade_code, status, pay_status, alignment_flag, unique_code) VALUES
('BILL202506001', 'DELIVERY_FEE', 'DEDUCT', 'PAY20250601001', 0.50, 'CR001', 'DEPOT001', 'TRD20250601001', 3, 'SUCCESS', 'COMPLETED', 'BI20250601001'),
('BILL202506001', 'DELIVERY_FEE', 'DEDUCT', 'PAY20250601002', 0.50, 'CR001', 'DEPOT001', 'TRD20250601002', 3, 'SUCCESS', 'COMPLETED', 'BI20250601002'),
('BILL202506001', 'DELIVERY_FEE', 'DEDUCT', 'PAY20250601001', 0.50, 'CR001', 'DEPOT001', 'TRD20250601001', 3, 'SUCCESS', 'COMPLETED', 'BI20250601003'),
('BILL202506002', 'LOCKER_FEE', 'DEDUCT', 'PAY20250601004', 2.00, 'DEPOT002', 'BOSS001', 'TRD20250601003', 2, 'SUCCESS', 'PENDING', 'BI20250601004'),
('BILL202506002', 'OVERTIME_FEE', 'DEDUCT', 'PAY20250601005', 5.00, 'DEPOT002', 'BOSS001', 'TRD20250601004', 2, 'SUCCESS', 'PENDING', 'BI20250601005'),
('BILL202506003', 'DELIVERY_FEE', 'DEDUCT', 'PAY20250601006', 0.50, 'CR005', 'DEPOT003', 'TRD20250601005', 1, 'SUCCESS', 'PENDING', 'BI20250601006'),
('BILL202506004', 'DELIVERY_FEE', 'DEDUCT', 'PAY20250601004', 0.50, 'CR003', 'DEPOT002', NULL, 0, 'PAYING', 'PENDING', 'BI20250601007'),
('BILL202506005', 'INSURANCE', 'DEDUCT', 'PAY20250601008', 10.00, 'DEPOT005', 'HQ001', 'TRD20250601007', 3, 'SUCCESS', 'COMPLETED', 'BI20250601008'),
(NULL, 'DELIVERY_FEE', 'DEDUCT', 'PAY20250601003', 0.50, 'CR002', 'DEPOT001', NULL, 0, 'PAYING', 'PENDING', 'BI20250601009'),
(NULL, 'DELIVERY_FEE', 'DEDUCT', 'PAY20250601001', 0.50, 'CR001', 'DEPOT001', 'TRD20250601001', 2, 'SUCCESS', 'PENDING', 'BI20250601010');

-- 钱包交易
INSERT INTO hwt_trade_info (trade_code, trade_type, biz_type, biz_code, from_account_code, from_sub_account_code, to_account_code, to_sub_account_code, amount, trade_status, execute_time, finish_time) VALUES
('TRD20250601001', 'DEDUCT', 'COURIER', 'PAY20250601001', 'ACC_COURIER001', 'SUB_COURIER001', 'ACC_DEPOT001', 'SUB_DEPOT001', 0.50, 'SUCCESS', '2025-06-01 08:06:00', '2025-06-01 08:06:05'),
('TRD20250601002', 'DEDUCT', 'COURIER', 'PAY20250601002', 'ACC_COURIER001', 'SUB_COURIER001', 'ACC_DEPOT001', 'SUB_DEPOT001', 0.50, 'SUCCESS', '2025-06-01 09:21:00', '2025-06-01 09:21:03'),
('TRD20250601003', 'DEDUCT', 'STORE', 'PAY20250601004', 'ACC_DEPOT002', 'SUB_DEPOT002', 'ACC_BOSS001', 'SUB_BOSS001', 2.00, 'SUCCESS', '2025-06-02 08:11:00', '2025-06-02 08:11:02'),
('TRD20250601004', 'DEDUCT', 'STORE', 'PAY20250601005', 'ACC_DEPOT002', 'SUB_DEPOT002', 'ACC_BOSS001', 'SUB_BOSS001', 5.00, 'SUCCESS', '2025-06-02 11:06:00', '2025-06-02 11:06:04'),
('TRD20250601005', 'DEDUCT', 'COURIER', 'PAY20250601006', 'ACC_COURIER003', 'SUB_COURIER003', 'ACC_DEPOT003', 'SUB_DEPOT003', 0.50, 'SUCCESS', '2025-06-03 14:06:00', '2025-06-03 14:06:01'),
('TRD20250601006', 'TRANSFER', 'SITE', 'PAY20250601007', 'ACC_SITE001', 'SUB_SITE001', 'ACC_DEPOT002', 'SUB_DEPOT002', 1.00, 'SUCCESS', '2025-06-04 09:11:00', '2025-06-04 09:11:02'),
('TRD20250601007', 'DEDUCT', 'STORE', 'PAY20250601008', 'ACC_DEPOT003', 'SUB_DEPOT003', 'ACC_HQ001', 'SUB_HQ001', 10.00, 'SUCCESS', '2025-06-05 10:06:00', '2025-06-05 10:06:03');

INSERT INTO hwt_account_change_log (trade_code, account_code, sub_account_code, change_amount, balance_after, change_type) VALUES
('TRD20250601001', 'ACC_COURIER001', 'SUB_COURIER001', -0.50, 1199.50, 'DEDUCT'),
('TRD20250601001', 'ACC_DEPOT001', 'SUB_DEPOT001', 0.50, 5281.00, 'INCOME'),
('TRD20250601002', 'ACC_COURIER001', 'SUB_COURIER001', -0.50, 1199.00, 'DEDUCT'),
('TRD20250601003', 'ACC_DEPOT002', 'SUB_DEPOT002', -2.00, 3148.00, 'DEDUCT'),
('TRD20250601005', 'ACC_COURIER003', 'SUB_COURIER003', -0.50, 449.50, 'DEDUCT');

INSERT INTO fund_flow (business_id, business_code, main_account_id, sub_account_id, amount, in_ex_type, pay_type, trade_id, settlement_type_code) VALUES
('FF20250601001', 'PAY20250601001', 4, 'SUB_COURIER001', 0.50, 2, 1, 1, 'DELIVERY'),
('FF20250601002', 'PAY20250601002', 4, 'SUB_COURIER001', 0.50, 2, 1, 2, 'DELIVERY'),
('FF20250601003', 'PAY20250601004', 2, 'SUB_DEPOT002', 2.00, 2, 1, 3, 'LOCKER'),
('FF20250601004', 'PAY20250601005', 2, 'SUB_DEPOT002', 5.00, 2, 1, 4, 'OVERTIME'),
('FF20250601005', 'PAY20250601006', 6, 'SUB_COURIER003', 0.50, 2, 1, 5, 'DELIVERY');

-- 对账任务与异常
INSERT INTO keeper_task_info (task_id, task_code, task_name, task_type, status, check_before_day) VALUES
(100001, 'TASK_BILL_TRADE', '账单与交易核对', 0, 1, 1),
(100002, 'TASK_ACCOUNT_FLOW', '账户余额与流水核对', 0, 1, 1),
(100003, 'TASK_DELIVERY_FEE', '派费明细规则核对', 1, 1, 0);

INSERT INTO keeper_check_error_detail (check_error_detail_id, task_id, business_id, content, source_type) VALUES
(200001, 100001, 'BILL202506008', '账单金额与交易汇总不一致', 0),
(200002, 100001, 'BI20250601009', '明细无关联交易单', 1),
(200003, 100002, 'ACC_COURIER002', '账户余额与流水汇总差异0.50', 0),
(200004, 100003, 'PAY20250601003', '代扣进行中超过阈值', 1),
(200005, 100001, 'BILL202506007', '对账标记异常', 0);
